축,코드,코드명,설명,사장님기존표기,비고
품목,C,의자,등받이·암체어·벤치·스툴 포함,C / CH,대분류 1자 고정
품목,B,바텐,좌고 65~75cm 바의자,CB / BCs,
품목,T,탁자,상판+다리 완제품,T,
품목,P,상판,상판 단품,$상판 / TB,
품목,G,탁자다리,다리 단품,#다리 / TG,
품목,S,소파,1인~3인·붙박이·오토만,SF,
품목,O,아웃도어,야외용 의자·탁자·파라솔,OD,
품목,F,집기·선반,선반·카운터·파티션,집기,
품목,A,부속,방석·캡·수저통,&수저통,
소재,wo,목재,원목·집성 프레임,Cwo / SF-WO,
소재,st,철재,철 프레임·분체도장,Cst / 철제의자-st,
소재,pl,사출·플라스틱,PP·PC 사출,Cpl / 사출의자 pl,
소재,al,알루미늄,알루미늄 프레임,Cal / Fal,
소재,ra,라탄,천연·인조 라탄,Clat / 라탄의자,라탄=lat 표기와 병행 가능
소재,ss,스텐,스테인리스,Tsus,
소재,lp,LPM,저압 멜라민 상판,TLP / LPMTB-lp,
소재,hp,HPL·HPM,고압 멜라민 상판,THP / HPM TB-hp,
소재,sw,집성목,집성목 상판,집성목TB-sw / TF,
소재,ws,우드슬랩,통원목 슬랩,Tws / 우드슬랩TB-,
소재,cm,세라믹,세라믹 상판,세라믹TB-cm,
소재,nb,내츄럴보드,내츄럴보드 상판,TB-nb / Tnb,
소재,vn,무늬목,인조·천연 무늬목,인조무늬목,
소재,ah,애쉬,애쉬 원목,TVash / 애쉬-ah,수종
소재,tk,티크,티크 원목,티크-K,수종
소재,ak,아카시아,아카시아 원목,아카시아,수종
소재,rw,고무나무,고무나무 원목,고무나무,수종
소재,mo,멀바우,몽구루(멀바우) 원목,몽구루-mo,수종(추론)
소재,mb,대리석,천연·인조 대리석,,
소재,wp,합성수지목,야외용 합성목재,합성수지목,
소재,fb,패브릭,패브릭 좌판·소파,,
소재,le,가죽,천연·인조가죽,,
소재,gl,유리,강화유리 상판,,
소재,fx,포맥스,포맥스 상판,포맥스,
소재,dr,드럼통,드럼통(대포상),대포상 / Tdr,추론
기능,bc,등받이의자,기본 등받이형,,의자
기능,ar,암체어,팔걸이 있음,,의자
기능,bn,벤치,2인 이상 긴 의자,벤치의자,의자
기능,sl,스툴,등받이 없음,보조스툴,의자
기능,sn,수납의자,좌판 아래 수납,Csst / 수납의자,의자
기능,fd,접이식,접이 의자·탁자,,의자·탁자
기능,sw,회전,회전 의자,,의자
기능,hi,하이,바텐·바테이블 높이,,의자·탁자
기능,rd,원형,원형 상판,원반,탁자
기능,sq,사각,사각 상판,,탁자
기능,ov,타원,타원 상판,,탁자
기능,aj,높이조절,높이조절 기능,조절반다리,탁자·다리·바텐
기능,s1,1인,1인 소파,,소파
기능,s2,2인,2인 소파,모던소파2인,소파
기능,s3,3인,3인 소파,,소파
기능,bi,붙박이,붙박이 주문제작 소파,붙박이소파,소파
기능,ot,오토만,오토만·보조소파,,소파
기능,cn,코너,코너형 소파,,소파
기능,dk,원반다리,원반 받침 다리,원반다리,다리
기능,p2,2인치다리,2인치 기둥,2인치다리,다리
기능,p3,3인치다리,3인치 기둥,3인치다리,다리
기능,p4,4인치다리,4인치 기둥,4인치다리,다리
기능,tw,쌍기둥,쌍기둥 평판 다리,쌍기둥평판다리,다리
기능,fr,프레임다리,사각 프레임 다리,프레임다리,다리
기능,hh,H형다리,H형 다리,H형다리,다리
기능,cv,평판곡다리,평판 곡선 다리,평판곡다리,다리
기능,im,수입다리,수입 다리,수입다리,다리
기능,ps,파라솔,파라솔·차양,국산파라솔 / 수입파라솔,아웃도어
기능,st,세트,의자+탁자 세트,,세트
용도,CF,카페,카페·커피숍,,다중 태그
용도,RS,식당·주점,식당·주점·프랜차이즈,,다중 태그
용도,CT,구내식당,구내식당·급식,,다중 태그
용도,OF,사무·중역,사무실·회의실,,다중 태그
용도,HT,호텔·숙박,호텔·펜션·로비,,다중 태그
용도,OD,야외,테라스·옥외,,다중 태그
용도,HM,가정,가정·홈카페,,다중 태그
상판브랜드,h,한림,,한림-h,
상판브랜드,ds,대신,,대신- / THPds,
상판브랜드,ys,유신,,유신 HPL / THPys,
상판브랜드,el,엘라톤,,엘라톤,
상판브랜드,fm,포마이카,,포마이카,
상판브랜드,mk,롱코,,롱코mk,
상판브랜드,ij,일중,,일중,
색상,wt,화이트,RAL 9016,화이트WT,
색상,bk,블랙,RAL 9005,블랙BK,
색상,gr,그레이,RAL 7035,그레이GR,
색상,iv,아이보리,RAL 1015,아이보리IV,
색상,bg,베이지,RAL 1001,베이지BG,
색상,bl,블루,RAL 5010,블루BL,
색상,gn,그린,RAL 6005,그린GN,
색상,sv,실버,RAL 9006,실버V,
색상,gd,골드,,골드GD,
색상,kk,카키,RAL 7008,카키,
색상,at,엔틱,마감,엔틱AT,
색상,na,내추럴,마감,네추럴 NA,
색상,br,브라운,RAL 8017,브라운br,
색상,rd,레드,RAL 3020,레드RD,
색상,vt,빈티지,마감,빈티지VT,
색상,00,해당없음,부위가 없을 때 자릿수 유지용,,
부위,1,프레임,1번째 대시,,의자·소파·탁자(상판)
부위,2,등판,2번째 대시,,탁자는 다리색
부위,3,좌판·방석,3번째 대시,,
부위,4,규격,4번째 대시 (탁자·다리류 mm 4자리),,
HS코드,9401.61,목재프레임 쿠션의자,수입신고 (확신도 85%),,wo
HS코드,9401.71,금속프레임 쿠션의자,수입신고 (확신도 85%),,st·al
HS코드,9401.79,금속프레임 기타의자,수입신고 (확신도 85%),,st·al
HS코드,9401.80,기타 의자(플라스틱 등),수입신고 (확신도 85%),,pl
HS코드,9403.20,금속가구,수입신고 (확신도 85%),,탁자 st
HS코드,9403.60,기타 목재가구,수입신고 (확신도 85%),,탁자 wo
HS코드,9403.83,라탄가구,수입신고 (확신도 85%),,ra
